brand,product_name,category_standardized,price,product_url,source_website,scrape_date
ALO,Airlift High-Waist Suit Up Legging,Leggings,144,https://www.aloyoga.com/products/w51428r-airlift-high-waist-suit-up-legging-espresso,aloyoga.com,3/18/2026
ALO,Airlift High-Waist Alignment Legging,Leggings,144,https://www.aloyoga.com/products/w54180r-airlift-high-waist-alignment-legging-vintage-pink-white,aloyoga.com,3/18/2026
ALO,Airlift High-Waist 7/8 Line Up Legging,Leggings,144,https://www.aloyoga.com/products/w51154r-airlift-high-waist-7-8-line-up-legging-black,aloyoga.com,3/18/2026
ALO,Airlift Mesh High-Waist Cherish Legging,Leggings,144,https://www.aloyoga.com/products/w54202r-airlift-mesh-high-waist-cherish-legging-vintage-pink,aloyoga.com,3/18/2026
ALO,ALO Softsculpt 7/8 Foldover Flare Legging,Leggings,144,https://www.aloyoga.com/products/w54324r-alo-softsculpt-7-8-foldover-flare-legging-black,aloyoga.com,3/18/2026
ALO,Airlift High-Waist Sleek Legging,Leggings,138,https://www.aloyoga.com/products/w54184r-airlift-high-waist-sleek-legging-gravel,aloyoga.com,3/18/2026
ALO,Airlift High Waist Charger 7/8 Legging,Leggings,138,https://www.aloyoga.com/products/w54220r-airlift-high-waist-charger-7-8-legging-bright-red-white,aloyoga.com,3/18/2026
ALO,Airlift High-Waist 7/8 Fine Line Legging,Leggings,138,https://www.aloyoga.com/products/w54312r-airlift-high-waist-7-8-fine-line-legging-vintage-pink,aloyoga.com,3/18/2026
ALO,Airbrush High-Waist Heart Throb Legging,Leggings,134,https://www.aloyoga.com/products/w51298r-airbrush-high-waist-heart-throb-legging-black-white,aloyoga.com,3/18/2026
ALO,7/8 High-Waist Airlift Legging,Leggings,134,https://www.aloyoga.com/products/w5766r-7-8-high-waist-airlift-legging-vintage-pink,aloyoga.com,3/18/2026
ALO,Alosoft High-Waist Heart Throb Legging,Leggings,134,https://www.aloyoga.com/products/w54172r-alosoft-high-waist-heart-throb-legging-oatmeal-heather-white,aloyoga.com,3/18/2026
ALO,7/8 High-Waist Alosoft Heart Throb Legging,Leggings,134,https://www.aloyoga.com/products/w54342r-7-8-high-waist-alosoft-heart-throb-legging-oatmeal-heather-white,aloyoga.com,3/18/2026
ALO,High-Waist Airlift Legging,Leggings,134,https://www.aloyoga.com/products/w5561r-high-waist-airlift-legging-black,aloyoga.com,3/18/2026
ALO,Airbrush High-Waist 7/8 Heart Throb Legging,Leggings,134,https://www.aloyoga.com/products/w54341r-airbrush-high-waist-7-8-heart-throb-legging-candy-heart-pink-white,aloyoga.com,3/18/2026
ALO,ALO Softsculpt High-Waist Legging,Leggings,134,https://www.aloyoga.com/products/w54234r-alo-softsculpt-high-waist-legging-plum-kiss,aloyoga.com,3/18/2026
ALO,ALO Softsculpt High-Waist 7/8 Legging,Leggings,134,https://www.aloyoga.com/products/w54417r-alo-softsculpt-high-waist-7-8-legging-black,aloyoga.com,3/18/2026
ALO,Airbrush High-Waist 7/8 Better Together Legging,Leggings,134,https://www.aloyoga.com/products/w54309r-airbrush-high-waist-7-8-better-together-legging-black-white,aloyoga.com,3/18/2026
ALO,Airbrush High-Waist Bootcut Legging,Leggings,128,https://www.aloyoga.com/products/w51118r-airbrush-high-waist-bootcut-legging-black,aloyoga.com,3/18/2026
ALO,Alosoft High-Waist 7/8 Highlight Legging,Leggings,108,https://www.aloyoga.com/products/w51104r-alosoft-high-waist-7-8-highlight-legging-oatmeal-heather,aloyoga.com,3/18/2026
ALO,Faux Fur Allure Jacket,Outerwear,368,https://www.aloyoga.com/products/w4801r-faux-fur-allure-jacket-oat,aloyoga.com,2026-03-18
ALO,Faux Fur Chic Cropped Jacket,Outerwear,328,https://www.aloyoga.com/products/w4812r-faux-fur-chic-cropped-jacket-ivory,aloyoga.com,2026-03-18
ALO,Faux Shearling Snowfall Cropped Jacket,Outerwear,268,https://www.aloyoga.com/products/w4800r-faux-shearling-snowfall-cropped-jacket-ivory,aloyoga.com,2026-03-18
ALO,Twill Barn Jacket,Outerwear,248,https://www.aloyoga.com/products/w4752r-twill-barn-jacket-black-espresso,aloyoga.com,2026-03-18
ALO,Double Face Wool City Girl Jacket,Outerwear,248,https://www.aloyoga.com/products/w4771r-double-face-wool-city-girl-jacket-black,aloyoga.com,2026-03-18
ALO,Cropped Fan Favorite Full Zip Jacket,Outerwear,198,https://www.aloyoga.com/products/w4778r-cropped-fan-favorite-full-zip-jacket-vintage-pink,aloyoga.com,2026-03-18
ALO,Scholar Knit Cropped Full Zip Jacket,Outerwear,188,https://www.aloyoga.com/products/w4601r-scholar-knit-cropped-full-zip-jacket-oatmeal-heather,aloyoga.com,2026-03-18
ALO,Polar Fleece Take Note Jacket,Outerwear,188,https://www.aloyoga.com/products/w4563r-polar-fleece-take-note-jacket-black,aloyoga.com,2026-03-18
ALO,Airlift Winter Warm Radiant Full-Zip Jacket,Outerwear,148,https://www.aloyoga.com/products/w4670r-airlift-winter-warm-radiant-full-zip-jacket-gravel,aloyoga.com,2026-03-18
ALO,Light Weight Takeaway Track Pullover,Outerwear,148,https://www.aloyoga.com/products/m3259r-light-weight-takeaway-track-pullover-black-womens,aloyoga.com,2026-03-18
ALO,Airlift Ignite Zip Up Jacket,Outerwear,148,https://www.aloyoga.com/products/w4726r-airlift-ignite-zip-up-jacket-bright-red,aloyoga.com,2026-03-18
ALO,Alosoft Recharge Jacket,Outerwear,138,https://www.aloyoga.com/products/w4777r-alosoft-recharge-jacket-vintage-pink,aloyoga.com,2026-03-18
ALO,Clubhouse Jacket,Outerwear,138,https://www.aloyoga.com/products/w4526r-clubhouse-jacket-black,aloyoga.com,2026-03-18
ALO,Seamless Two Tone Rib Jacket,Outerwear,138,https://www.aloyoga.com/products/w4786r-seamless-two-tone-rib-jacket-black,aloyoga.com,2026-03-18
ALO,Alosoft Sincere Fitted Jacket,Outerwear,128,https://www.aloyoga.com/products/w4736r-alosoft-sincere-fitted-jacket-bright-red,aloyoga.com,2026-03-18
ALO,Wool Cashmere Ribbed Noble Short,Shorts,188,https://www.aloyoga.com/products/w6556r-wool-cashmere-ribbed-noble-short-vintage-pink,aloyoga.com,2026-03-18
ALO,Silk Luminous Short,Shorts,188,https://www.aloyoga.com/products/w6579p-silk-luminous-short-candy-heart-pink,aloyoga.com,2026-03-18
ALO,Cable Knit Winter Bliss Short,Shorts,98,https://www.aloyoga.com/products/w6460r-cable-knit-winter-bliss-short-winter-frost,aloyoga.com,2026-03-18
ALO,"5"" Airlift Energy Short",Shorts,88,https://www.aloyoga.com/products/w6295r-5-airlift-energy-short-gravel,aloyoga.com,2026-03-18
ALO,Pointelle Sweater Be Mine Hot Short,Shorts,88,https://www.aloyoga.com/products/w6644r-pointelle-sweater-be-mine-hot-short-candy-heart-pink,aloyoga.com,2026-03-18
ALO,Pinstripe Daylight Boxer Short,Shorts,88,https://www.aloyoga.com/products/w6453r-pinstripe-daylight-boxer-short-black-titanium,aloyoga.com,2026-03-18
ALO,"3"" ALO Softsculpt High-Waist Precision Short",Shorts,84,https://www.aloyoga.com/products/w6495r-3-alo-softsculpt-high-waist-precision-short-olive-tree,aloyoga.com,2026-03-18
ALO,4” Airbrush High-Waist Heart Throb Short,Shorts,84,https://www.aloyoga.com/products/w6519r-airbrush-heart-throb-short-black-white,aloyoga.com,2026-03-18
ALO,Match Point Short,Shorts,78,https://www.aloyoga.com/products/w6334r-match-point-short-gravel,aloyoga.com,2026-03-18
ALO,Accolade Short,Shorts,78,https://www.aloyoga.com/products/w6472rg-accolade-short-plum-kiss,aloyoga.com,2026-03-18
ALO,V-Cute Running Short,Shorts,78,https://www.aloyoga.com/products/w6536r-v-cute-running-short-candlelight-yellow,aloyoga.com,2026-03-18
ALO,"5"" Airbrush High-Waist Biker Short",Shorts,78,https://www.aloyoga.com/products/w6311r-airbrush-high-waist-5-biker-short-black,aloyoga.com,2026-03-18
ALO,"3"" Alosoft High-Waist Carefree Short",Shorts,68,https://www.aloyoga.com/products/w6399r-alosoft-high-waist-carefree-short-oatmeal-heather,aloyoga.com,2026-03-18
ALO,Sway My Way Micro Short,Shorts,68,https://www.aloyoga.com/products/w6562r-sway-my-way-micro-short-oatmeal-heather,aloyoga.com,2026-03-18
ALO,Alosoft Sincere Micro Short,Shorts,64,https://www.aloyoga.com/products/w6548r-alosoft-sincere-micro-short-bright-red,aloyoga.com,2026-03-18
ALO,Airlift Endurance High-Impact Bra,Sports Bras,98,https://www.aloyoga.com/products/w9839r-airlift-endurance-high-impact-bra-gravel,aloyoga.com,2026-03-18
ALO,Airlift Line Up Bra,Sports Bras,98,https://www.aloyoga.com/products/w9533r-airlift-line-up-bra-gravel,aloyoga.com,2026-03-18
ALO,Alosoft Heart Throb Bra,Sports Bras,88,https://www.aloyoga.com/products/w9811r-alosoft-heart-throb-bra-oatmeal-heather-white,aloyoga.com,2026-03-18
ALO,Airlift Alignment Bra,Sports Bras,88,https://www.aloyoga.com/products/w9824r-airlift-alignment-bra-vintage-pink-white,aloyoga.com,2026-03-18
ALO,Airbrush Heart Throb Bra,Sports Bras,88,https://www.aloyoga.com/products/w9680r-airbrush-heart-throb-bra-black-white,aloyoga.com,2026-03-18
ALO,Airlift Suit Up Bra,Sports Bras,88,https://www.aloyoga.com/products/w9676r-airlift-suit-up-bra-black-white,aloyoga.com,2026-03-18
ALO,Airlift Super Sleek Bra Tank,Sports Bras,88,https://www.aloyoga.com/products/w9856r-airlift-super-sleek-bra-tank-gravel,aloyoga.com,2026-03-18
ALO,Airbrush Better Together Bra,Sports Bras,88,https://www.aloyoga.com/products/w9918r-airbrush-better-together-bra-black-white,aloyoga.com,2026-03-18
ALO,Seamless Ribbed Favorite Bra Tank,Sports Bras,84,https://www.aloyoga.com/products/w9616r-seamless-ribbed-favorite-bra-tank-black,aloyoga.com,2026-03-18
ALO,Airlift Intrigue Bra,Sports Bras,78,https://www.aloyoga.com/products/w9557r-airlift-intrigue-bra-vintage-pink,aloyoga.com,2026-03-18
ALO,Airbrush Real Bra Tank,Sports Bras,78,https://www.aloyoga.com/products/w9587r-airbrush-real-bra-tank-vintage-pink,aloyoga.com,2026-03-18
ALO,ALO Softsculpt Precision Bra,Sports Bras,78,https://www.aloyoga.com/products/w9858r-alo-softsculpt-precision-bra-plum-kiss,aloyoga.com,2026-03-18
ALO,Airlift Fine Line Bra,Sports Bras,78,https://www.aloyoga.com/products/w9927r-airlift-fine-line-bra-vintage-pink,aloyoga.com,2026-03-18
ALO,Airlift Mesh Cherish Bra,Sports Bras,78,https://www.aloyoga.com/products/w9814r-airlift-mesh-cherish-bra-vintage-pink,aloyoga.com,2026-03-18
ALO,Seamless Two Tone Rib Bra,Sports Bras,78,https://www.aloyoga.com/products/w9882r-seamless-two-tone-rib-bra-black,aloyoga.com,2026-03-18
ALO,Airlift Advantage Racerback Bra,Sports Bras,78,https://www.aloyoga.com/products/w9555r-airlift-advantage-racerback-bra-winter-frost,aloyoga.com,2026-03-18
ALO,Airlift Evolve Bra,Sports Bras,78,https://www.aloyoga.com/products/w9923r-airlift-evolve-bra-olive-tree,aloyoga.com,2026-03-18
ALO,Alosoft Center Stage Bra,Sports Bras,68,https://www.aloyoga.com/products/w9785r-alosoft-center-stage-bra-oatmeal-heather,aloyoga.com,2026-03-18
ALO,Splendor Bra,Sports Bras,68,https://www.aloyoga.com/products/w9351rg-splendor-bra-black,aloyoga.com,2026-03-18
ALO,Airlift Charger Bra,Sports Bras,68,https://www.aloyoga.com/products/w9844r-airlift-charger-bra-bright-red-white,aloyoga.com,2026-03-18
ALO,Alosoft Sincere Bra,Sports Bras,68,https://www.aloyoga.com/products/w9884r-alosoft-sincere-bra-bright-red,aloyoga.com,2026-03-18
ALO,Sway Bra Tank,Tops,88,https://www.aloyoga.com/products/w9815r-sway-bra-tank-oatmeal-heather,aloyoga.com,2026-03-18
ALO,Airbrush Sparks Fly Corset Tank,Tops,88,https://www.aloyoga.com/products/w9943r-airbrush-sparks-fly-corset-tank-vintage-pink,aloyoga.com,2026-03-18
ALO,Sweater Knit Unwind Sleeveless Top,Tops,88,https://www.aloyoga.com/products/w2821r-sweater-knit-unwind-sleeveless-top-oatmeal-heather,aloyoga.com,2026-03-18
ALO,Seamless Ribbed Favorite Full Length Bra Tank,Tops,88,https://www.aloyoga.com/products/w9698r-seamless-ribbed-favorite-full-length-bra-tank-black,aloyoga.com,2026-03-18
ALO,Seamless Ribbed Favorite Bra Tank,Tops,84,https://www.aloyoga.com/products/w9616r-seamless-ribbed-favorite-bra-tank-black,aloyoga.com,2026-03-18
ALO,Airbrush Real Bra Tank,Tops,78,https://www.aloyoga.com/products/w9587r-airbrush-real-bra-tank-vintage-pink,aloyoga.com,2026-03-18
ALO,Ribbed Prosper Tank,Tops,78,https://www.aloyoga.com/products/w2799r-ribbed-prosper-tank-black,aloyoga.com,2026-03-18
ALO,Ribbed En Pointe Tank,Tops,78,https://www.aloyoga.com/products/w9777r-ribbed-en-pointe-tank-olive-tree,aloyoga.com,2026-03-18
ALO,ALO Softsculpt Precision Short Sleeve Top,Tops,78,https://www.aloyoga.com/products/w1479r-alo-softsculpt-precision-short-sleeve-top-espresso,aloyoga.com,2026-03-18
ALO,Seamless Pointelle Tank,Tops,74,https://www.aloyoga.com/products/w2820r-seamless-pointelle-tank-vintage-pink,aloyoga.com,2026-03-18
ALO,Ribbed Modal Henley Tank,Tops,68,https://www.aloyoga.com/products/w2819r-ribbed-modal-henley-tank-oatmeal-heather,aloyoga.com,2026-03-18
ALO,Aspire Tank,Tops,68,https://www.aloyoga.com/products/w2675rg-aspire-tank-vintage-pink-white,aloyoga.com,2026-03-18
ALO,Alosoft Back For More Tee,Tops,68,https://www.aloyoga.com/products/w1492r-alosoft-back-for-more-tee-plum-kiss,aloyoga.com,2026-03-18
ALO,Ribbed Delicate Lounge Tank,Tops,58,https://www.aloyoga.com/products/w2791r-ribbed-delicate-lounge-tank-vintage-pink,aloyoga.com,2026-03-18
Vuori,Chilled Out Legging,Leggings,128,https://vuoriclothing.com/products/womens-chilled-out-legging-washed-black-1?queryId=80d4b32ad1a18fce50ff8d0961efc172&collection=womens-leggings,vuoriclothing.com,2026-03-18
Vuori,Vuori AllTheFeels™ Straight Leg,Leggings,118,https://vuoriclothing.com/products/womens-vuori-allthefeels-straight-leg-black?queryId=80d4b32ad1a18fce50ff8d0961efc172&collection=womens-leggings,vuoriclothing.com,2026-03-18
Vuori,Vuori AllTheForm™ Flare - Short,Leggings,118,https://vuoriclothing.com/products/womens-vuori-alltheform-flare-short-french-roast?queryId=80d4b32ad1a18fce50ff8d0961efc172&collection=womens-leggings,vuoriclothing.com,2026-03-18
Vuori,Vuori AllTheFeels™ Slim Flare - Short,Leggings,118,https://vuoriclothing.com/products/womens-vuori-allthefeels-slim-flare-short-black?queryId=80d4b32ad1a18fce50ff8d0961efc172&collection=womens-leggings,vuoriclothing.com,2026-03-18
Vuori,Vuori AllTheForm™ Flare,Leggings,118,https://vuoriclothing.com/products/womens-vuori-alltheform-flare-french-roast?queryId=80d4b32ad1a18fce50ff8d0961efc172&collection=womens-leggings,vuoriclothing.com,2026-03-18
Vuori,Vuori AllTheFeels™ Slim Flare,Leggings,118,https://vuoriclothing.com/products/womens-vuori-allthefeels-slim-flare-soft-pewter?queryId=80d4b32ad1a18fce50ff8d0961efc172&collection=womens-leggings,vuoriclothing.com,2026-03-18
Vuori,Vuori AllTheForm™ Pocket Legging-Short,Leggings,118,https://vuoriclothing.com/products/womens-vuori-alltheform-pocket-legging-short-black?queryId=80d4b32ad1a18fce50ff8d0961efc172&collection=womens-leggings,vuoriclothing.com,2026-03-18
Vuori,Vuori AllTheForm™ Pocket Legging,Leggings,118,https://vuoriclothing.com/products/womens-vuori-alltheform-pkt-legging-black?queryId=80d4b32ad1a18fce50ff8d0961efc172&collection=womens-leggings,vuoriclothing.com,2026-03-18
Vuori,Elevation Rhythm Flare,Leggings,118,https://vuoriclothing.com/products/womens-elevation-rhythm-flare-light-heather-grey?queryId=80d4b32ad1a18fce50ff8d0961efc172&collection=womens-leggings,vuoriclothing.com,2026-03-18
Vuori,Vuori AllTheForm™ Legging,Leggings,110,https://vuoriclothing.com/products/womens-vuori-alltheform-legging-black?queryId=80d4b32ad1a18fce50ff8d0961efc172&collection=womens-leggings,vuoriclothing.com,2026-03-18
Vuori,Vuori AllTheFeels™ Legging,Leggings,110,https://vuoriclothing.com/products/womens-vuori-allthefeels-legging-regatta-blue?queryId=80d4b32ad1a18fce50ff8d0961efc172&collection=womens-leggings,vuoriclothing.com,2026-03-18
Vuori,Vuori AllTheFeels™ Legging - Short,Leggings,110,https://vuoriclothing.com/products/womens-vuori-allthefeels-legging-short-black?queryId=80d4b32ad1a18fce50ff8d0961efc172&collection=womens-leggings,vuoriclothing.com,2026-03-18
Vuori,Vuori AllTheForm™ Legging- Short,Leggings,110,https://vuoriclothing.com/products/womens-vuori-alltheform-legging-short-black?queryId=80d4b32ad1a18fce50ff8d0961efc172&collection=womens-leggings,vuoriclothing.com,2026-03-18
Vuori,Vuori AllTheForm™ Legging- Long,Leggings,110,https://vuoriclothing.com/products/womens-vuori-alltheform-legging-long-black?queryId=80d4b32ad1a18fce50ff8d0961efc172&collection=womens-leggings,vuoriclothing.com,2026-03-18
Vuori,Vuori AllTheFeels™ Legging - Long,Leggings,110,https://vuoriclothing.com/products/womens-vuori-allthefeels-legging-long-black?queryId=80d4b32ad1a18fce50ff8d0961efc172&collection=womens-leggings,vuoriclothing.com,2026-03-18
Vuori,Clean Elevation Legging,Leggings,110,https://vuoriclothing.com/products/womens-clean-elevation-legging-black-heather?queryId=80d4b32ad1a18fce50ff8d0961efc172&collection=womens-leggings,vuoriclothing.com,2026-03-18
Vuori,Clean Elevation Legging-Short,Leggings,110,https://vuoriclothing.com/products/womens-clean-elevation-legging-short-black-heather?queryId=80d4b32ad1a18fce50ff8d0961efc172&collection=womens-leggings,vuoriclothing.com,2026-03-18
Vuori,Vuori AllTheFeels™ Corset Legging,Leggings,108,https://vuoriclothing.com/products/womens-vuori-allthefeels-corset-legging-black?queryId=80d4b32ad1a18fce50ff8d0961efc172&collection=womens-leggings,vuoriclothing.com,2026-03-18
Vuori,Halo Foldover Pant,Leggings,108,https://vuoriclothing.com/products/womens-halo-foldover-pant-black-heather?queryId=80d4b32ad1a18fce50ff8d0961efc172&collection=womens-leggings,vuoriclothing.com,2026-03-18
Vuori,Inversion Rib Legging,Leggings,108,https://vuoriclothing.com/products/womens-inversion-rib-legging-black?queryId=80d4b32ad1a18fce50ff8d0961efc172&collection=womens-leggings,vuoriclothing.com,2026-03-18
Vuori,Vuori AllTheFeels™ Shirred Crop,Leggings,108,https://vuoriclothing.com/products/womens-vuori-allthefeels-shirred-crop-black?queryId=80d4b32ad1a18fce50ff8d0961efc172&collection=womens-leggings,vuoriclothing.com,2026-03-18
Vuori,Micro Houndstooth Legging,Leggings,108,https://vuoriclothing.com/products/womens-micro-houndstooth-legging-natural-micro-houndstooth?queryId=80d4b32ad1a18fce50ff8d0961efc172&collection=womens-leggings,vuoriclothing.com,2026-03-18
Vuori,Daily Legging,Leggings,98,https://vuoriclothing.com/products/womens-daily-legging-black?queryId=80d4b32ad1a18fce50ff8d0961efc172&collection=womens-leggings,vuoriclothing.com,2026-03-18
Vuori,Daily Form Legging,Leggings,98,https://vuoriclothing.com/products/womens-daily-form-legging-black?queryId=80d4b32ad1a18fce50ff8d0961efc172&collection=womens-leggings,vuoriclothing.com,2026-03-18
Vuori,Daily Pocket Legging,Leggings,98,https://vuoriclothing.com/products/womens-daily-pocket-legging-black?queryId=80d4b32ad1a18fce50ff8d0961efc172&collection=womens-leggings,vuoriclothing.com,2026-03-18
Vuori,Daily Legging - Short,Leggings,98,https://vuoriclothing.com/products/womens-daily-legging-short-black?queryId=80d4b32ad1a18fce50ff8d0961efc172&collection=womens-leggings,vuoriclothing.com,2026-03-18
Vuori,Daily Form Legging - Short,Leggings,98,https://vuoriclothing.com/products/womens-daily-form-legging-short-black?queryId=80d4b32ad1a18fce50ff8d0961efc172&collection=womens-leggings,vuoriclothing.com,2026-03-18
Vuori,Daily Legging - Long,Leggings,98,https://vuoriclothing.com/products/womens-daily-legging-long-black?queryId=80d4b32ad1a18fce50ff8d0961efc172&collection=womens-leggings,vuoriclothing.com,2026-03-18
Vuori,Daily Pocket Legging - Short,Leggings,98,https://vuoriclothing.com/products/womens-daily-pocket-legging-short-black?queryId=80d4b32ad1a18fce50ff8d0961efc172&collection=womens-leggings,vuoriclothing.com,2026-03-18
Vuori,Daily Form Legging - Long,Leggings,98,https://vuoriclothing.com/products/womens-daily-form-legging-long-black?queryId=80d4b32ad1a18fce50ff8d0961efc172&collection=womens-leggings,vuoriclothing.com,2026-03-18
Vuori,Icelandic Anorak,Outerwear,498,https://vuoriclothing.com/products/womens-icelandic-anorak-black?queryId=74a69177bba780aa154b6432a4d0d366&collection=womens-outerwear,vuoriclothing.com,2026-03-18
Vuori,Women's Taika Snow Shell,Outerwear,448,https://vuoriclothing.com/products/womens-taika-snow-shell-black?queryId=74a69177bba780aa154b6432a4d0d366&collection=womens-outerwear,vuoriclothing.com,2026-03-18
Vuori,Alta Down Jacket,Outerwear,328,https://vuoriclothing.com/products/womens-alta-down-jacket-black?queryId=74a69177bba780aa154b6432a4d0d366&collection=womens-outerwear,vuoriclothing.com,2026-03-18
Vuori,Women's Coordinate Packable Down Jacket,Outerwear,298,https://vuoriclothing.com/products/womens-coordinate-packable-down-jacket-black?queryId=74a69177bba780aa154b6432a4d0d366&collection=womens-outerwear,vuoriclothing.com,2026-03-18
Vuori,Pfeiffer Rain Jacket,Outerwear,248,https://vuoriclothing.com/products/womens-pfeiffer-rain-jacket-black?queryId=74a69177bba780aa154b6432a4d0d366&collection=womens-outerwear,vuoriclothing.com,2026-03-18
Vuori,Nomadic Packable Rain Shell,Outerwear,248,https://vuoriclothing.com/products/womens-nomadic-packable-rain-shell-black?queryId=74a69177bba780aa154b6432a4d0d366&collection=womens-outerwear,vuoriclothing.com,2026-03-18
Vuori,Alta Down Vest,Outerwear,248,https://vuoriclothing.com/products/womens-alta-down-vest-black?queryId=74a69177bba780aa154b6432a4d0d366&collection=womens-outerwear,vuoriclothing.com,2026-03-18
Vuori,Rhodes Trench Coat,Outerwear,228,https://vuoriclothing.com/products/womens-rhodes-trench-coat-khaki?queryId=74a69177bba780aa154b6432a4d0d366&collection=womens-outerwear,vuoriclothing.com,2026-03-18
Vuori,Canyon Insulated Venture Jacket,Outerwear,198,https://vuoriclothing.com/products/canyon-insulated-venture-jacket-sable?queryId=74a69177bba780aa154b6432a4d0d366&collection=womens-outerwear,vuoriclothing.com,2026-03-18
Vuori,Lou Hybrid Jacket,Outerwear,198,https://vuoriclothing.com/products/womens-lou-hybrid-jacket-bone?queryId=74a69177bba780aa154b6432a4d0d366&collection=womens-outerwear,vuoriclothing.com,2026-03-18
Vuori,Lund Insulated Jacket,Outerwear,198,https://vuoriclothing.com/products/womens-lund-insulated-jacket-dark-azure?queryId=74a69177bba780aa154b6432a4d0d366&collection=womens-outerwear,vuoriclothing.com,2026-03-18
Vuori,Restore Trench Coat,Outerwear,198,https://vuoriclothing.com/products/womens-restore-trench-coat-black?queryId=74a69177bba780aa154b6432a4d0d366&collection=womens-outerwear,vuoriclothing.com,2026-03-18
Vuori,Canyon Insulated Jacket,Outerwear,188,https://vuoriclothing.com/products/womens-canyon-insulated-jacket-olive?queryId=74a69177bba780aa154b6432a4d0d366&collection=womens-outerwear,vuoriclothing.com,2026-03-18
Vuori,Women's Vuori Vintage Oversized Denim Jacket,Outerwear,188,https://vuoriclothing.com/products/womens-vuori-vintage-oversized-denim-jacket-bone-denim?queryId=74a69177bba780aa154b6432a4d0d366&collection=womens-outerwear,vuoriclothing.com,2026-03-18
Vuori,Ventana Jacket,Outerwear,188,https://vuoriclothing.com/products/womens-ventana-jacket-bone?queryId=74a69177bba780aa154b6432a4d0d366&collection=womens-outerwear,vuoriclothing.com,2026-03-18
Vuori,Alpine Jacket,Outerwear,188,https://vuoriclothing.com/products/womens-alpine-jacket-bone?queryId=74a69177bba780aa154b6432a4d0d366&collection=womens-outerwear,vuoriclothing.com,2026-03-18
Vuori,Lou Full Zip Jacket,Outerwear,188,https://vuoriclothing.com/products/womens-lou-full-zip-jacket-butterscotch?queryId=74a69177bba780aa154b6432a4d0d366&collection=womens-outerwear,vuoriclothing.com,2026-03-18
Vuori,Canyon Insulated Vest,Outerwear,158,https://vuoriclothing.com/products/womens-canyon-insulated-vest-black?queryId=74a69177bba780aa154b6432a4d0d366&collection=womens-outerwear,vuoriclothing.com,2026-03-18
Vuori,Eaton Fitness Jacket,Outerwear,148,https://vuoriclothing.com/products/womens-eaton-fitness-jacket-ocean-blue?queryId=74a69177bba780aa154b6432a4d0d366&collection=womens-outerwear,vuoriclothing.com,2026-03-18
Vuori,Women's Renew Trainer Shell,Outerwear,128,https://vuoriclothing.com/products/womens-renew-trainer-shell-black?queryId=74a69177bba780aa154b6432a4d0d366&collection=womens-outerwear,vuoriclothing.com,2026-03-18
Vuori,Vuori AllTheForm™ Fitness Jacket,Outerwear,128,https://vuoriclothing.com/products/womens-vuori-alltheform-fitness-jacket-black?queryId=74a69177bba780aa154b6432a4d0d366&collection=womens-outerwear,vuoriclothing.com,2026-03-18
Vuori,Vuori AllTheFeels™ Full Zip,Outerwear,128,https://vuoriclothing.com/products/womens-vuori-allthefeels-full-zip-black?queryId=74a69177bba780aa154b6432a4d0d366&collection=womens-outerwear,vuoriclothing.com,2026-03-18
Vuori,Alpine Vest,Outerwear,128,https://vuoriclothing.com/products/womens-alpine-vest-java?queryId=74a69177bba780aa154b6432a4d0d366&collection=womens-outerwear,vuoriclothing.com,2026-03-18
Vuori,Luna Piped Short,Shorts,88,https://vuoriclothing.com/products/womens-luna-piped-short-black?queryId=25ff371b7eefc2c399c7f8ca915fc935&collection=womens-shorts,vuoriclothing.com,2026-03-18
Vuori,Trestles Twill Tie Short,Shorts,78,https://vuoriclothing.com/products/womens-trestles-twill-tie-short-black?queryId=25ff371b7eefc2c399c7f8ca915fc935&collection=womens-shorts,vuoriclothing.com,2026-03-18
Vuori,Pique Fleece Short,Shorts,78,https://vuoriclothing.com/products/womens-pique-fleece-short-ocean-blue?queryId=25ff371b7eefc2c399c7f8ca915fc935&collection=womens-shorts,vuoriclothing.com,2026-03-18
Vuori,"Daily Speed Short 2.5""",Shorts,74,https://vuoriclothing.com/products/womens-daily-speed-short-2-5-black?queryId=25ff371b7eefc2c399c7f8ca915fc935&collection=womens-shorts,vuoriclothing.com,2026-03-18
Vuori,Villa Everyday Short,Shorts,74,https://vuoriclothing.com/products/womens-villa-everyday-short-ink?queryId=25ff371b7eefc2c399c7f8ca915fc935&collection=womens-shorts,vuoriclothing.com,2026-03-18
Vuori,Villa Short,Shorts,74,https://vuoriclothing.com/products/womens-villa-short-sorrel-brown?queryId=25ff371b7eefc2c399c7f8ca915fc935&collection=womens-shorts,vuoriclothing.com,2026-03-18
Vuori,Inversion Rib Short,Shorts,74,https://vuoriclothing.com/products/womens-inversion-rib-short-black?queryId=25ff371b7eefc2c399c7f8ca915fc935&collection=womens-shorts,vuoriclothing.com,2026-03-18
Vuori,Birch Short,Shorts,74,https://vuoriclothing.com/products/womens-birch-short-vintage-black?queryId=25ff371b7eefc2c399c7f8ca915fc935&collection=womens-shorts,vuoriclothing.com,2026-03-18
Vuori,"Daily Piped Short 5""",Shorts,68,https://vuoriclothing.com/products/womens-daily-piped-short-5-black?queryId=25ff371b7eefc2c399c7f8ca915fc935&collection=womens-shorts,vuoriclothing.com,2026-03-18
Vuori,"Clementine 2.0 Short 4""",Shorts,68,https://vuoriclothing.com/products/womens-clementine-2-0-short-4-regatta-blue?queryId=25ff371b7eefc2c399c7f8ca915fc935&collection=womens-shorts,vuoriclothing.com,2026-03-18
Vuori,"Clementine 2.0 Short 2.5""",Shorts,68,https://vuoriclothing.com/products/womens-clementine-2-0-short-2-5-regatta-blue?queryId=25ff371b7eefc2c399c7f8ca915fc935&collection=womens-shorts,vuoriclothing.com,2026-03-18
Vuori,"Vuori AllTheFeels™ Short 4""",Shorts,68,https://vuoriclothing.com/products/womens-vuori-allthefeels-short-black?queryId=25ff371b7eefc2c399c7f8ca915fc935&collection=womens-shorts,vuoriclothing.com,2026-03-18
Vuori,Halo Performance Short 2.0,Shorts,68,https://vuoriclothing.com/products/womens-halo-performance-short-2-0-regatta-blue-heather?queryId=25ff371b7eefc2c399c7f8ca915fc935&collection=womens-shorts,vuoriclothing.com,2026-03-18
Vuori,"Vuori AllTheForm™ Short 6""",Shorts,68,https://vuoriclothing.com/products/womens-vuori-alltheform-short-6-black?queryId=25ff371b7eefc2c399c7f8ca915fc935&collection=womens-shorts,vuoriclothing.com,2026-03-18
Vuori,Vuori AllTheFeels™ Low Rise Shorty,Shorts,68,https://vuoriclothing.com/products/womens-vuori-allthefeels-lr-shorty-blue-coast?queryId=25ff371b7eefc2c399c7f8ca915fc935&collection=womens-shorts,vuoriclothing.com,2026-03-18
Vuori,Villa Sport Short,Shorts,68,https://vuoriclothing.com/products/womens-villa-sport-short-black?queryId=25ff371b7eefc2c399c7f8ca915fc935&collection=womens-shorts,vuoriclothing.com,2026-03-18
Vuori,Beach Fleece Short,Shorts,68,https://vuoriclothing.com/products/womens-beach-fleece-short-natural?queryId=25ff371b7eefc2c399c7f8ca915fc935&collection=womens-shorts,vuoriclothing.com,2026-03-18
Vuori,"Dash Elevate Short 3""",Shorts,68,https://vuoriclothing.com/products/womens-dash-elevate-short-3-desert-peach?queryId=25ff371b7eefc2c399c7f8ca915fc935&collection=womens-shorts,vuoriclothing.com,2026-03-18
Vuori,"Clean Elevation Shorty 6""",Shorts,64,https://vuoriclothing.com/products/womens-clean-elevation-shorty-black-heather?queryId=25ff371b7eefc2c399c7f8ca915fc935&collection=womens-shorts,vuoriclothing.com,2026-03-18
Vuori,Daily Short,Shorts,64,https://vuoriclothing.com/products/womens-daily-short-light-french-blue?queryId=25ff371b7eefc2c399c7f8ca915fc935&collection=womens-shorts,vuoriclothing.com,2026-03-18
Vuori,Vuori AllTheForm™ Bra,Sports Bras,68,https://vuoriclothing.com/products/womens-vuori-alltheform-bra-black?queryId=6951e897c90e6dc24fcccd42c0f5887d&collection=womens-sports-bras,vuoriclothing.com,2026-03-18
Vuori,Daily Form Bra,Sports Bras,68,https://vuoriclothing.com/products/womens-daily-form-bra-black?queryId=6951e897c90e6dc24fcccd42c0f5887d&collection=womens-sports-bras,vuoriclothing.com,2026-03-18
Vuori,Elevation Rhythm Bra,Sports Bras,68,https://vuoriclothing.com/products/womens-elevation-rhythm-bra-midnight-heather?queryId=6951e897c90e6dc24fcccd42c0f5887d&collection=womens-sports-bras,vuoriclothing.com,2026-03-18
Vuori,Vuori AllTheForm™ High Neck Bra,Sports Bras,68,https://vuoriclothing.com/products/womens-vuori-alltheform-high-neck-bra-black?queryId=6951e897c90e6dc24fcccd42c0f5887d&collection=womens-sports-bras,vuoriclothing.com,2026-03-18
Vuori,Daily Piped Bra,Sports Bras,64,https://vuoriclothing.com/products/womens-daily-piped-bra-black?queryId=6951e897c90e6dc24fcccd42c0f5887d&collection=womens-sports-bras,vuoriclothing.com,2026-03-18
Vuori,Vuori AllTheForm™ Short Sleeve Bra,Sports Bras,64,https://vuoriclothing.com/products/womens-vuori-alltheform-short-sleeve-bra-orchid-whisper?queryId=6951e897c90e6dc24fcccd42c0f5887d&collection=womens-sports-bras,vuoriclothing.com,2026-03-18
Vuori,Elevation Racer Bra,Sports Bras,64,https://vuoriclothing.com/products/womens-elevation-racer-bra-black-heather?queryId=6951e897c90e6dc24fcccd42c0f5887d&collection=womens-sports-bras,vuoriclothing.com,2026-03-18
Vuori,Inversion Rib Bra,Sports Bras,64,https://vuoriclothing.com/products/womens-inversion-rib-bra-crystal-blue?queryId=6951e897c90e6dc24fcccd42c0f5887d&collection=womens-sports-bras,vuoriclothing.com,2026-03-18
Vuori,Micro Houndstooth Bra,Sports Bras,64,https://vuoriclothing.com/products/womens-micro-houndstooth-bra-natural-micro-houndstooth?queryId=6951e897c90e6dc24fcccd42c0f5887d&collection=womens-sports-bras,vuoriclothing.com,2026-03-18
Vuori,Daily Form Bra,Sports Bras,64,https://vuoriclothing.com/products/womens-daily-form-bra-strawberry?queryId=6951e897c90e6dc24fcccd42c0f5887d&collection=womens-sports-bras,vuoriclothing.com,2026-03-18
Vuori,Vuori AllTheFeels™ Bra,Sports Bras,58,https://vuoriclothing.com/products/womens-vuori-allthefeels-bra-black?queryId=6951e897c90e6dc24fcccd42c0f5887d&collection=womens-sports-bras,vuoriclothing.com,2026-03-18
Vuori,Vuori AllTheFeels™ Shirred Bra,Sports Bras,58,https://vuoriclothing.com/products/womens-vuori-allthefeels-shirred-bra-saguaro?queryId=6951e897c90e6dc24fcccd42c0f5887d&collection=womens-sports-bras,vuoriclothing.com,2026-03-18
Vuori,Vuori AllTheFeels™ Strappy Back Bra,Sports Bras,58,https://vuoriclothing.com/products/womens-vuori-allthefeels-strappy-back-bra-black?queryId=6951e897c90e6dc24fcccd42c0f5887d&collection=womens-sports-bras,vuoriclothing.com,2026-03-18
Vuori,Vuori AllTheFeels™ Triangle Bra,Sports Bras,58,https://vuoriclothing.com/products/womens-vuori-allthefeels-triangle-bra-black?queryId=6951e897c90e6dc24fcccd42c0f5887d&collection=womens-sports-bras,vuoriclothing.com,2026-03-18
Vuori,Yosemite Bra,Sports Bras,58,https://vuoriclothing.com/products/womens-yosemite-sports-bra-black?queryId=6951e897c90e6dc24fcccd42c0f5887d&collection=womens-sports-bras,vuoriclothing.com,2026-03-18
Vuori,Halo Triangle Bra,Sports Bras,48,https://vuoriclothing.com/products/womens-halo-triangle-bra-lemon-snap-heather?queryId=6951e897c90e6dc24fcccd42c0f5887d&collection=womens-sports-bras,vuoriclothing.com,2026-03-18
Vuori,Women's Vuori Vintage Oversized Denim Jacket,Tops,188,https://vuoriclothing.com/products/womens-vuori-vintage-oversized-denim-jacket-light-wash-indigo-denim?queryId=fce988d1e9765e11f7476d93efd04f85&collection=womens-tops,vuoriclothing.com,2026-03-18
Vuori,Montauk Crew,Tops,178,https://vuoriclothing.com/products/womens-montauk-crew-marshmallow?queryId=fce988d1e9765e11f7476d93efd04f85&collection=womens-tops,vuoriclothing.com,2026-03-18
Vuori,Eaton Fitness Jacket,Tops,148,https://vuoriclothing.com/products/womens-eaton-fitness-jacket-white?queryId=fce988d1e9765e11f7476d93efd04f85&collection=womens-tops,vuoriclothing.com,2026-03-18
Vuori,Restore Double Zip Sweatshirt,Tops,138,https://vuoriclothing.com/products/womens-restore-double-zip-sweatshirt-agate-green?queryId=fce988d1e9765e11f7476d93efd04f85&collection=womens-tops,vuoriclothing.com,2026-03-18
Vuori,Vuori AllTheFeels™ Full Zip,Tops,128,https://vuoriclothing.com/products/womens-vuori-allthefeels-full-zip-regatta-blue?queryId=fce988d1e9765e11f7476d93efd04f85&collection=womens-tops,vuoriclothing.com,2026-03-18
Vuori,Sedona Classic Full Zip,Tops,118,https://vuoriclothing.com/products/womens-sedona-classic-full-zip-ocean-blue?queryId=fce988d1e9765e11f7476d93efd04f85&collection=womens-tops,vuoriclothing.com,2026-03-18
Vuori,Restore Mini Crew,Tops,118,https://vuoriclothing.com/products/womens-restore-mini-crew-bone-heather?queryId=fce988d1e9765e11f7476d93efd04f85&collection=womens-tops,vuoriclothing.com,2026-03-18
Vuori,Sedona Weekender Crew,Tops,110,https://vuoriclothing.com/products/womens-sedona-weekender-crew-light-heather-grey?queryId=fce988d1e9765e11f7476d93efd04f85&collection=womens-tops,vuoriclothing.com,2026-03-18
Vuori,Halo Performance Hoodie 2.0,Tops,110,https://vuoriclothing.com/products/womens-halo-performance-hoodie-2-0-black-heather?queryId=fce988d1e9765e11f7476d93efd04f85&collection=womens-tops,vuoriclothing.com,2026-03-18
Vuori,Halo Modern Full Zip Hoodie,Tops,110,https://vuoriclothing.com/products/womens-halo-modern-full-zip-hoodie-ecru-heather?queryId=fce988d1e9765e11f7476d93efd04f85&collection=womens-tops,vuoriclothing.com,2026-03-18
Vuori,Sedona Seams Crew,Tops,108,https://vuoriclothing.com/products/womens-sedona-seams-crew-white?queryId=fce988d1e9765e11f7476d93efd04f85&collection=womens-tops,vuoriclothing.com,2026-03-18
Vuori,Halo Modern Crew,Tops,98,https://vuoriclothing.com/products/womens-halo-modern-crew-white?queryId=fce988d1e9765e11f7476d93efd04f85&collection=womens-tops,vuoriclothing.com,2026-03-18
Vuori,Halo Mini Track Jacket,Tops,98,https://vuoriclothing.com/products/womens-halo-mini-track-jacket-agate-green?queryId=fce988d1e9765e11f7476d93efd04f85&collection=womens-tops,vuoriclothing.com,2026-03-18
Vuori,Halo Mini Full Zip Hoodie,Tops,98,https://vuoriclothing.com/products/womens-halo-mini-full-zip-hoodie-black-heather?queryId=fce988d1e9765e11f7476d93efd04f85&collection=womens-tops,vuoriclothing.com,2026-03-18
Vuori,Long Sleeve Kensington Relaxed Button Down,Tops,98,https://vuoriclothing.com/products/womens-long-sleeve-kensington-relaxed-button-down-white?queryId=fce988d1e9765e11f7476d93efd04f85&collection=womens-tops,vuoriclothing.com,2026-03-18
Vuori,Long Sleeve Heavyweight Cotton Tee,Tops,84,https://vuoriclothing.com/products/womens-long-sleeve-heavyweight-cotton-tee-ocean-blue?queryId=fce988d1e9765e11f7476d93efd04f85&collection=womens-tops,vuoriclothing.com,2026-03-18
Vuori,Long Sleeve Seamless Surge Tee,Tops,78,https://vuoriclothing.com/products/womens-long-sleeve-seamless-surge-tee-black?queryId=fce988d1e9765e11f7476d93efd04f85&collection=womens-tops,vuoriclothing.com,2026-03-18
Vuori,Vuori AllTheFeels™ Short Sleeve Essential Tee,Tops,78,https://vuoriclothing.com/products/womens-vuori-allthefeels-short-sleeve-essential-tee-black?queryId=fce988d1e9765e11f7476d93efd04f85&collection=womens-tops,vuoriclothing.com,2026-03-18
Vuori,Long Sleeve Pose Twin Cardigan,Tops,78,https://vuoriclothing.com/products/womens-long-sleeve-pose-twin-cardigan-blue-coast?queryId=fce988d1e9765e11f7476d93efd04f85&collection=womens-tops,vuoriclothing.com,2026-03-18
Vuori,Vuori AllTheForm™ Support Tank,Tops,74,https://vuoriclothing.com/products/womens-vuori-alltheform-support-tank-riviera-blue?queryId=fce988d1e9765e11f7476d93efd04f85&collection=womens-tops,vuoriclothing.com,2026-03-18
Vuori,Vuori AllTheFeels™ Strappy Back Tank,Tops,74,https://vuoriclothing.com/products/womens-vuori-allthefeels-strappy-back-tank-black?queryId=fce988d1e9765e11f7476d93efd04f85&collection=womens-tops,vuoriclothing.com,2026-03-18
Vuori,Daydream Crew,Tops,68,https://vuoriclothing.com/products/womens-daydream-crew-black-heather?queryId=fce988d1e9765e11f7476d93efd04f85&collection=womens-tops,vuoriclothing.com,2026-03-18
Vuori,Short Sleeve Waffle Baby Tee,Tops,68,https://vuoriclothing.com/products/womens-short-sleeve-waffle-baby-tee-light-heather-grey?queryId=fce988d1e9765e11f7476d93efd04f85&collection=womens-tops,vuoriclothing.com,2026-03-18
Vuori,Pose Plyo Tank,Tops,68,https://vuoriclothing.com/products/womens-pose-plyo-tank-agate-green?queryId=fce988d1e9765e11f7476d93efd04f85&collection=womens-tops,vuoriclothing.com,2026-03-18
Vuori,Halo Muscle Tank,Tops,68,https://vuoriclothing.com/products/womens-halo-muscle-tank-blue-coast-heather?queryId=fce988d1e9765e11f7476d93efd04f85&collection=womens-tops,vuoriclothing.com,2026-03-18
Vuori,Vuori AllTheForm™ Bra,Tops,68,https://vuoriclothing.com/products/womens-vuori-alltheform-bra-french-roast?queryId=fce988d1e9765e11f7476d93efd04f85&collection=womens-tops,vuoriclothing.com,2026-03-18
Vuori,Daily Layered Tank,Tops,68,https://vuoriclothing.com/products/womens-daily-layered-tank-black?queryId=fce988d1e9765e11f7476d93efd04f85&collection=womens-tops,vuoriclothing.com,2026-03-18
Vuori,Daily Form Bra,Tops,68,https://vuoriclothing.com/products/womens-daily-form-bra-white?queryId=fce988d1e9765e11f7476d93efd04f85&collection=womens-tops,vuoriclothing.com,2026-03-18
Vuori,Daily Piped Bra,Tops,64,https://vuoriclothing.com/products/womens-daily-piped-bra-cerise?queryId=fce988d1e9765e11f7476d93efd04f85&collection=womens-tops,vuoriclothing.com,2026-03-18
Vuori,Vuori AllTheFeels™ Corset Tank,Tops,64,https://vuoriclothing.com/products/womens-vuori-allthefeels-corset-tank-agate-green?queryId=fce988d1e9765e11f7476d93efd04f85&collection=womens-tops,vuoriclothing.com,2026-03-18
Vuori,Short Sleeve Feather Classic Tee - Garment Dye,Tops,64,https://vuoriclothing.com/products/womens-short-sleeve-feather-classic-tee-garment-dye-ocean-blue?queryId=fce988d1e9765e11f7476d93efd04f85&collection=womens-tops,vuoriclothing.com,2026-03-18
Vuori,Halo Baby Tee,Tops,64,https://vuoriclothing.com/products/womens-halo-baby-tee-white?queryId=fce988d1e9765e11f7476d93efd04f85&collection=womens-tops,vuoriclothing.com,2026-03-18
Vuori,Energy Tee Long,Tops,58,https://vuoriclothing.com/products/womens-energy-tee-long-black-heather?queryId=fce988d1e9765e11f7476d93efd04f85&collection=womens-tops,vuoriclothing.com,2026-03-18
Vuori,Halo Cami,Tops,58,https://vuoriclothing.com/products/womens-halo-cami-agate-green?queryId=fce988d1e9765e11f7476d93efd04f85&collection=womens-tops,vuoriclothing.com,2026-03-18
Vuori,Halo Essential Scoop Tank,Tops,58,https://vuoriclothing.com/products/womens-halo-essential-scoop-tank-solid-black?queryId=fce988d1e9765e11f7476d93efd04f85&collection=womens-tops,vuoriclothing.com,2026-03-18
Vuori,Energy Tee,Tops,58,https://vuoriclothing.com/products/womens-energy-tee-black-heather?queryId=fce988d1e9765e11f7476d93efd04f85&collection=womens-tops,vuoriclothing.com,2026-03-18
Vuori,Short Sleeve Feather Classic Tee,Tops,58,https://vuoriclothing.com/products/womens-short-sleeve-feather-classic-tee-washed-black?queryId=fce988d1e9765e11f7476d93efd04f85&collection=womens-tops,vuoriclothing.com,2026-03-18
Vuori,Vuori AllTheFeels™ Bra,Tops,58,https://vuoriclothing.com/products/womens-vuori-allthefeels-bra-regatta-blue?queryId=fce988d1e9765e11f7476d93efd04f85&collection=womens-tops,vuoriclothing.com,2026-03-18
Vuori,Pose Fitted Tee,Tops,58,https://vuoriclothing.com/products/womens-pose-fitted-tee-ink-stripe?queryId=fce988d1e9765e11f7476d93efd04f85&collection=womens-tops,vuoriclothing.com,2026-03-18
Vuori,Halo Performance Crop 2.0,Tops,58,https://vuoriclothing.com/products/womens-halo-performance-crop-tank-2-0-regatta-blue-heather?queryId=fce988d1e9765e11f7476d93efd04f85&collection=womens-tops,vuoriclothing.com,2026-03-18
Vuori,Pose Cooper Tank,Tops,58,https://vuoriclothing.com/products/womens-pose-cooper-tank-white?queryId=fce988d1e9765e11f7476d93efd04f85&collection=womens-tops,vuoriclothing.com,2026-03-18
Vuori,Cove Asymmetric Top,Tops,58,https://vuoriclothing.com/products/womens-cove-asymmetric-top-ocean-blue?queryId=fce988d1e9765e11f7476d93efd04f85&collection=womens-tops,vuoriclothing.com,2026-03-18
Vuori,Cove Layering Tank,Tops,58,https://vuoriclothing.com/products/womens-cove-layering-tank-white?queryId=fce988d1e9765e11f7476d93efd04f85&collection=womens-tops,vuoriclothing.com,2026-03-18
Vuori,Pose Twin Tank,Tops,58,https://vuoriclothing.com/products/womens-pose-twin-tank-blue-coast?queryId=fce988d1e9765e11f7476d93efd04f85&collection=womens-tops,vuoriclothing.com,2026-03-18
Vuori,Energy Top Long,Tops,54,https://vuoriclothing.com/products/womens-energy-top-long-blue-coast?queryId=fce988d1e9765e11f7476d93efd04f85&collection=womens-tops,vuoriclothing.com,2026-03-18
Vuori,Energy Top,Tops,54,https://vuoriclothing.com/products/womens-energy-top-blue-coast?queryId=fce988d1e9765e11f7476d93efd04f85&collection=womens-tops,vuoriclothing.com,2026-03-18
Vuori,Energy Racerback Tank,Tops,54,https://vuoriclothing.com/products/womens-energy-racerback-tank-cerise?queryId=fce988d1e9765e11f7476d93efd04f85&collection=womens-tops,vuoriclothing.com,2026-03-18
Vuori,Pose Support Cami,Tops,48,https://vuoriclothing.com/products/womens-pose-support-cami-white?queryId=fce988d1e9765e11f7476d93efd04f85&collection=womens-tops,vuoriclothing.com,2026-03-18
lululemon,"Fast and Free High-Rise Tight 25"" *5 Pocket",Leggings,128,https://shop.lululemon.com/p/womens-leggings/Nulux-5-Pocket-HR-Running-Tight-25/_/prod11380247?color=74234,shop.lululemon.com,2026-03-18
lululemon,"Swift Speed High-Rise Tight 25"" *Updated",Leggings,128,https://shop.lululemon.com/p/womens-leggings/Swift-Speed-High-Rise-Tight-25-Updated/_/prod11860113?color=72757,shop.lululemon.com,2026-03-18
lululemon,"lululemon Align™ High-Rise Pant with Pockets 25""",Leggings,128,https://shop.lululemon.com/p/womens-leggings/Align-HighRise-Tight-25-Pockets/_/prod10370071?color=72757,shop.lululemon.com,2026-03-18
lululemon,"lululemon Align™ High-Rise Pant with Pockets 28""",Leggings,128,https://shop.lululemon.com/p/womens-leggings/Align-Pant-Full-Length-28-Pockets/_/prod9230087?color=74027,shop.lululemon.com,2026-03-18
lululemon,"Unrestricted Power High-Rise Tight 25""",Leggings,118,https://shop.lululemon.com/p/womens-leggings/Unrestricted-Power-High-Rise-Tight-25/_/prod20009403?color=72760,shop.lululemon.com,2026-03-18
lululemon,"Fast and Free High-Rise Crop 19"" *5 Pocket",Leggings,118,https://shop.lululemon.com/p/womens-leggings/Nulux-5-Pckt-Reflective-HR-Run-Crop-19/_/prod11680502?color=74234,shop.lululemon.com,2026-03-18
lululemon,"License to Train High-Rise Tight 25"" *Logo",Leggings,118,https://shop.lululemon.com/p/womens-leggings/License-to-Train-High-Rise-Tight-25-Logo/_/prod11750384?color=74027,shop.lululemon.com,2026-03-18
lululemon,"Wunder Train No-Line Piped High-Rise Tight 25""",Leggings,118,https://shop.lululemon.com/p/wunder-train-no-line-piped-high-rise-tight-25/cymedo6pyq?color=76023,shop.lululemon.com,2026-03-18
lululemon,"lululemon Glow Up™ Super-High-Rise Tight 25""",Leggings,118,https://shop.lululemon.com/p/womens-leggings/Glow-Up-Super-High-Rise-Tight-25/_/prod11800851?color=72761,shop.lululemon.com,2026-03-18
lululemon,"lululemon Glow Up™ Super-High-Rise Crop 23""",Leggings,118,https://shop.lululemon.com/p/womens-leggings/Glow-Up-Super-High-Rise-Crop-23/_/prod11880184?color=31382,shop.lululemon.com,2026-03-18
lululemon,"lululemon Glow Up™ Super-High-Rise Tight 28""",Leggings,118,https://shop.lululemon.com/p/womens-leggings/Glow-Up-Super-High-Rise-Tight-28/_/prod11800811?color=72761,shop.lululemon.com,2026-03-18
lululemon,"lululemon Align No Line™ High-Rise Pant 25""",Leggings,108,https://shop.lululemon.com/p/womens-leggings/lululemon-Align-No-Line-High-Rise-Pant-25/_/prod11900026?color=74234,shop.lululemon.com,2026-03-18
lululemon,"lululemon Align No Line™ High-Rise Pant 28""",Leggings,108,https://shop.lululemon.com/p/womens-leggings/lululemon-Align-No-Line-High-Rise-Pant-28/_/prod11900022?color=74115,shop.lululemon.com,2026-03-18
lululemon,"Groove Drawcord High-Rise Tight 25""",Leggings,108,https://shop.lululemon.com/p/groove-drawcord-high-rise-tight-25/wysglecj7s?color=74027,shop.lululemon.com,2026-03-18
lululemon,"Wunder Train No Line High-Rise Tight 25""",Leggings,108,https://shop.lululemon.com/p/wunder-train-no-line-high-rise-tight-25/ciikqqn7xm?color=74115,shop.lululemon.com,2026-03-18
lululemon,"Wunder Train No Line High-Rise Tight 28""",Leggings,108,https://shop.lululemon.com/p/womens-leggings/Wunder-Train-No-Line-High-Rise-Tight-28/_/prod20006715?color=72756,shop.lululemon.com,2026-03-18
lululemon,"lululemon Align No Line™ High-Rise Twist Tight 25""",Leggings,108,https://shop.lululemon.com/p/womens-leggings/Align-No-Line-HR-Twist-Tight-25/_/prod20006795?color=72761,shop.lululemon.com,2026-03-18
lululemon,"Thermal High-Rise Running Tight 25""",Leggings,108,https://shop.lululemon.com/p/womens-leggings/Thermal-High-Rise-Running-Tight-25/_/prod20004795?color=72761,shop.lululemon.com,2026-03-18
lululemon,"lululemon Align™ High-Rise Pant 25""",Leggings,98,https://shop.lululemon.com/p/womens-leggings/Align-Pant-2/_/prod2020012?color=74234,shop.lululemon.com,2026-03-18
lululemon,"Wunder Train High-Rise Tight 25""",Leggings,98,https://shop.lululemon.com/p/womens-leggings/Wunder-Train-HR-Tight-25/_/prod9750562?color=72761,shop.lululemon.com,2026-03-18
lululemon,"lululemon Align™ High-Rise Pant 28"" *Warm",Leggings,98,https://shop.lululemon.com/p/womens-leggings/lululemon-Align-High-Rise-Pant-28-Warm/_/prod20004727?color=31382,shop.lululemon.com,2026-03-18
lululemon,"Wunder Train High-Rise Tight 28""",Leggings,98,https://shop.lululemon.com/p/womens-leggings/Wunder-Train-HR-Tight-28/_/prod10440282?color=72763,shop.lululemon.com,2026-03-18
lululemon,"lululemon Align™ High-Rise Pant 28""",Leggings,98,https://shop.lululemon.com/p/womens-leggings/Align-Pant-Full-Length-28/_/prod8780551?color=74115,shop.lululemon.com,2026-03-18
lululemon,Women's Wunder Puff 600-Down-Fill Long Jacket,Outerwear,448,https://shop.lululemon.com/p/jackets-and-hoodies-jackets/Womens-Wunder-Puff-Jacket-Long/_/prod9960898?color=0001,shop.lululemon.com,2026-03-18
lululemon,Lightweight Cinch-Waist Rain Coat,Outerwear,398,https://shop.lululemon.com/p/lightweight-cinch-waist-rain-coat/fzl7hjczv2?color=19222,shop.lululemon.com,2026-03-18
lululemon,Women's Wunder Puff 600-Down-Fill Jacket,Outerwear,348,https://shop.lululemon.com/p/jackets-and-hoodies-jackets/Wunder-Puff-Jacket/_/prod9490219?color=30437,shop.lululemon.com,2026-03-18
lululemon,Wunder Puff 600-Down-Fill Cropped Jacket,Outerwear,348,https://shop.lululemon.com/p/jackets-and-hoodies-jackets/Wunder-Puff-Cropped-Jacket/_/prod9960897?color=33454,shop.lululemon.com,2026-03-18
lululemon,Waterproof Fishtail Rain Coat,Outerwear,298,https://shop.lululemon.com/p/jackets-and-hoodies-jackets/Waterproof-Fishtail-Rain-Coat/_/prod20003839?color=68684,shop.lululemon.com,2026-03-18
lululemon,Oversized Cocoon Rain Coat,Outerwear,298,https://shop.lululemon.com/p/oversized-cocoon-rain-coat/p5m4vr711o?color=33454,shop.lululemon.com,2026-03-18
lululemon,Wunder Puff 600-Down-Fill Cropped Vest,Outerwear,268,https://shop.lululemon.com/p/jackets-and-hoodies-jackets/Wunder-Puff-Crop-Vest/_/prod9960896?color=30437,shop.lululemon.com,2026-03-18
lululemon,Cross Chill Cinch-Back Casual Jacket,Outerwear,268,https://shop.lululemon.com/p/jackets-and-hoodies-jackets/Cross-Chill-Cinch-Back-Casual-Jacket/_/prod20005143?color=1179,shop.lululemon.com,2026-03-18
lululemon,Women's Cross Chill Performance Jacket,Outerwear,228,https://shop.lululemon.com/p/jackets-and-hoodies-jackets/W-Cross-Chill-Performance-Jacket/_/prod9750597?color=74052,shop.lululemon.com,2026-03-18
lululemon,Another Mile Jacket,Outerwear,228,https://shop.lululemon.com/p/jackets-and-hoodies-jackets/Another-Mile-Jacket/_/prod11680480?color=74056,shop.lululemon.com,2026-03-18
lululemon,Always Effortless Long Jacket *Evolve,Outerwear,198,https://shop.lululemon.com/p/always-effortless-long-jacket-evolve/tmhl0zdvif?color=72761,shop.lululemon.com,2026-03-18
lululemon,Insulated Back-Vent Running Jacket,Outerwear,198,https://shop.lululemon.com/p/jackets-and-hoodies-jackets/Insulated-Back-Vent-Running-Jacket/_/prod20006539?color=74060,shop.lululemon.com,2026-03-18
lululemon,Another Mile Vest,Outerwear,168,https://shop.lululemon.com/p/jackets-and-hoodies-jackets/Another-Mile-Vest/_/prod9750593?color=74056,shop.lululemon.com,2026-03-18
lululemon,UV-Protective Oversized Tennis Jacket,Outerwear,168,https://shop.lululemon.com/p/uv-protective-oversized-tennis-jacket/qjbpeg4ayr?color=69299,shop.lululemon.com,2026-03-18
lululemon,Always Effortless Jacket *Evolve,Outerwear,148,https://shop.lululemon.com/p/always-effortless-jacket-evolve/eimg1d7029?color=19222,shop.lululemon.com,2026-03-18
lululemon,Always Effortless Classic-Fit Jacket,Outerwear,148,https://shop.lululemon.com/p/jackets-and-hoodies-jackets/Always-Effortless-Classic-Fit-Jacket/_/prod9370052?color=33454,shop.lululemon.com,2026-03-18
lululemon,Women's Steady State Oversized Funnel Full Zip *Stripe,Outerwear,148,https://shop.lululemon.com/p/womens-steady-state-os-funnel-full-zip-stripe/ep0udf1t5z?color=76546,shop.lululemon.com,2026-03-18
lululemon,Court Rival Tennis Track Jacket,Outerwear,148,https://shop.lululemon.com/p/jackets-and-hoodies-jackets/Court-Rival-Tennis-Track-Jacket/_/prod11801252?color=68898,shop.lululemon.com,2026-03-18
lululemon,EasyFive Jacket,Outerwear,148,https://shop.lululemon.com/p/easyfive-jacket/jsi0ubacwx?color=72762,shop.lululemon.com,2026-03-18
lululemon,Daydrift Bomber Jacket,Outerwear,148,https://shop.lululemon.com/p/jackets-and-hoodies-jackets/Daydrift-Bomber-Jacket/_/prod20001675?color=72762,shop.lululemon.com,2026-03-18
lululemon,Define Cropped Jacket *Nulu,Outerwear,128,https://shop.lululemon.com/p/jackets-and-hoodies-jackets/Nulu-Cropped-Define-Jacket/_/prod10930188?color=74234,shop.lululemon.com,2026-03-18
lululemon,Mist Over Windbreaker,Outerwear,128,https://shop.lululemon.com/p/jackets-and-hoodies-jackets/Mist-Over-Windbreaker/_/prod9270522?color=72757,shop.lululemon.com,2026-03-18
lululemon,Define Jacket *Nulu,Outerwear,128,https://shop.lululemon.com/p/jackets-and-hoodies-jackets/Define-Jacket-Nulu/_/prod11020158?color=74060,shop.lululemon.com,2026-03-18
lululemon,"Daydrift Pleated High-Rise Short 7""",Shorts,98,https://shop.lululemon.com/p/women-shorts/Daydrift-Pleated-High-Rise-Short-7/_/prod11870134?icid=cdp-cdp:womens-shorts;5;eps;pdp:daydrift-pleated-high-rise-short-7;elevatedexperience;shorts,shop.lululemon.com,2026-03-18
lululemon,"Sleek Spacer Mid-Rise Short 3.5""",Shorts,98,https://shop.lululemon.com/p/sleek-spacer-mid-rise-short-3-5/drx43ss15k?color=0001,shop.lululemon.com,2026-03-18
lululemon,"Scuba High-Rise Short 5"" *Waffle",Shorts,84,https://shop.lululemon.com/p/women-shorts/Scuba-High-Rise-Short-5-Waffle/_/prod20005307?color=71400,shop.lululemon.com,2026-03-18
lululemon,"Fast and Free High-Rise Classic-Fit Split Short 3""",Shorts,78,https://shop.lululemon.com/p/women-shorts/Fast-and-Free-High-Rise-Classic-Fit-Split-Short-3/_/prod11860117?color=74060,shop.lululemon.com,2026-03-18
lululemon,"Fast and Free High-Rise Short 6"" *5 Pocket",Shorts,78,https://shop.lululemon.com/p/women-shorts/Fast-And-Free-HR-Short-6-Inches-5-Pocket/_/prod11450254?color=72757,shop.lululemon.com,2026-03-18
lululemon,"Swiftly Mid-Rise Short 3""",Shorts,78,https://shop.lululemon.com/p/women-shorts/Swiftly-Mid-Rise-Short-3/_/prod20002719?color=73745,shop.lululemon.com,2026-03-18
lululemon,"High-Rise Split Short 3"" *Stripe",Shorts,78,https://shop.lululemon.com/p/high-rise-split-short-3-stripe/d98uz4fkxi?color=74241,shop.lululemon.com,2026-03-18
lululemon,"High-Rise Tennis Layering Short 3.5""",Shorts,78,https://shop.lululemon.com/p/women-shorts/High-Rise-Tennis-Layering-Short-3-5/_/prod20002487?color=0002,shop.lululemon.com,2026-03-18
lululemon,"Swift Relaxed High-Rise Running Short 2.5""",Shorts,78,https://shop.lululemon.com/p/swift-relaxed-high-rise-running-short-25/a5vb5bfddr?color=36522,shop.lululemon.com,2026-03-18
lululemon,"Court Rival High-Rise Short 3""",Shorts,78,https://shop.lululemon.com/p/women-shorts/Court-Rival-High-Rise-Short-3/_/prod11740073?color=74155,shop.lululemon.com,2026-03-18
lululemon,"Wunder Train No-Line Piped High-Rise Short 6""",Shorts,74,https://shop.lululemon.com/p/wunder-train-no-line-piped-high-rise-short-6/ymiwmbmg8y?color=76023,shop.lululemon.com,2026-03-18
lululemon,"Breezily Mid-Rise Short 6""",Shorts,68,https://shop.lululemon.com/p/breezily-mid-rise-short-6/oujhaf2li2?color=72762,shop.lululemon.com,2026-03-18
lululemon,"Shake It Out High-Rise Running Short 2.5""",Shorts,68,https://shop.lululemon.com/p/women-shorts/Shake-It-Out-High-Rise-Running-Short-25/_/prod11860112?color=74027,shop.lululemon.com,2026-03-18
lululemon,"lululemon Align No Line™ High-Rise Short 4""",Shorts,68,https://shop.lululemon.com/p/lululemon-align-no-line-high-rise-short-4/a9wj047ua2?color=74027,shop.lululemon.com,2026-03-18
lululemon,"lululemon Align No Line™ High-Rise Short 6""",Shorts,68,https://shop.lululemon.com/p/lululemon-align-no-line-high-rise-short-6/pauttbt4qq?color=74027,shop.lululemon.com,2026-03-18
lululemon,"Speed Up High-Rise Short 4"" *Updated",Shorts,68,https://shop.lululemon.com/p/women-shorts/Speed-Up-High-Rise-Short-4-Updated/_/prod11900030?color=72756,shop.lululemon.com,2026-03-18
lululemon,"Speed Up High-Rise Short 2.5"" *Updated",Shorts,68,https://shop.lululemon.com/p/women-shorts/Speed-Up-High-Rise-Short-2-5-Updated/_/prod11900014?color=74027,shop.lululemon.com,2026-03-18
lululemon,"Hotty Hot High-Rise Lined Short 2.5""",Shorts,68,https://shop.lululemon.com/p/women-shorts/Hotty-Hot-Short-HR/_/prod9250076?color=74059,shop.lululemon.com,2026-03-18
lululemon,"Hotty Hot High-Rise Lined Short 4""",Shorts,68,https://shop.lululemon.com/p/women-shorts/Hotty-Hot-Short-HR-Long/_/prod9250073?color=74027,shop.lululemon.com,2026-03-18
lululemon,"Pace Rival High-Rise Short 3""",Shorts,68,https://shop.lululemon.com/p/women-shorts/Pace-Rival-High-Rise-Short-3/_/prod11871281?color=0002,shop.lululemon.com,2026-03-18
lululemon,"lululemon Align™ High-Rise Short 6""",Shorts,64,https://shop.lululemon.com/p/women-shorts/Align-Short-6/_/prod8351150?color=72756,shop.lululemon.com,2026-03-18
lululemon,"lululemon Align™ High-Rise Short 4""",Shorts,64,https://shop.lululemon.com/p/women-shorts/Align-Short-4/_/prod9200594?color=74028,shop.lululemon.com,2026-03-18
lululemon,"Women's Steady State SuperLoft Short 3.5""",Shorts,58,https://shop.lululemon.com/p/womens-steady-state-superloft-short-3-5/tfyr4w3v1o?icid=cdp-cdp:womens-shorts;7;eps;pdp:womens-steady-state-superloft-short-3-5;elevatedexperience;shorts,shop.lululemon.com,2026-03-18
lululemon,"lululemon Go Further Bra with Support Code Technology *High Impact, C/D Cup",Sports Bras,98,https://shop.lululemon.com/p/women-sports-bras/Go-Further-Bra-Support-Code-High-Impact-CD-Cup/_/prod11750305?color=31382,shop.lululemon.com,2026-03-18
lululemon,"Levitation Sports Bra *High Support, B–DD Cups",Sports Bras,78,https://shop.lululemon.com/p/levitation-sports-bra-high-support-b-dd-cups/az3gupirpz?color=72757,shop.lululemon.com,2026-03-18
lululemon,"Super-Soft Adjustable Recovery Bra *Light Support, B-D Cups",Sports Bras,78,https://shop.lululemon.com/p/women-sports-bras/Super-Soft-Recovery-Bra-Light-BD/_/prod11530509?color=33454,shop.lululemon.com,2026-03-18
lululemon,"Run Times Bra *High Support, B–G Cups",Sports Bras,68,https://shop.lululemon.com/p/women-sports-bras/Run-Times-Bra/_/prod9520104?color=72761,shop.lululemon.com,2026-03-18
lululemon,"lululemon Energy Bra *High Support, B–G Cups",Sports Bras,68,https://shop.lululemon.com/p/women-sports-bras/Energy-Bra-High-Support/_/prod10520356?color=72763,shop.lululemon.com,2026-03-18
lululemon,"lululemon Focuser High-Neck Bra *Light Support, A/B Cup",Sports Bras,68,https://shop.lululemon.com/p/women-sports-bras/lululemon-Focuser-HN-Bra-LS-AB-Cup/_/prod20007175?color=72756,shop.lululemon.com,2026-03-18
lululemon,"lululemon Focuser High-Neck Bra *Light Support, C/D Cup",Sports Bras,68,https://shop.lululemon.com/p/lululemon-focuser-high-neck-bra-light-support-cd/a3sljiegni?color=0002,shop.lululemon.com,2026-03-18
lululemon,"Wunder Train Piped Sports Bra *Medium Support, B/C Cup",Sports Bras,68,https://shop.lululemon.com/p/wunder-train-piped-sports-bra-medium-support-bc/trms19tzwn?color=76023,shop.lululemon.com,2026-03-18
lululemon,lululemon Nursing Bra,Sports Bras,68,https://shop.lululemon.com/p/women-sports-bras/lululemon-Nursing-Bra/_/prod20002843?color=0001,shop.lululemon.com,2026-03-18
lululemon,"lululemon Energy Longline Bra Medium Support, B-D Cups *Evolve",Sports Bras,68,https://shop.lululemon.com/p/women-sports-bras/Energy-Longline-Bra-Medium-Support-BD-Cup-Evolve/_/prod11870998?color=74056,shop.lululemon.com,2026-03-18
lululemon,"lululemon Energy Longline Bra *Medium Support, B–D Cups",Sports Bras,68,https://shop.lululemon.com/p/women-sports-bras/Energy-Bra-Long-Line/_/prod9030660?color=72757,shop.lululemon.com,2026-03-18
lululemon,"Wunder Train Strappy Racer Bra *Light Support, A/B Cup",Sports Bras,58,https://shop.lululemon.com/p/women-sports-bras/Wunder-Train-Strappy-Race-Bra-Light-AB/_/prod11520056?color=74060,shop.lululemon.com,2026-03-18
lululemon,Flow Y Mid-Support Bra *B/C Cup,Sports Bras,58,https://shop.lululemon.com/p/women-sports-bras/Flow-Y-Mid-Support-Bra-BC-Cup/_/prod20002055?color=0002,shop.lululemon.com,2026-03-18
lululemon,"Wunder Train Mesh-Back Bra *Medium Support, B/C Cup",Sports Bras,58,https://shop.lululemon.com/p/women-bras-and-underwear/Wunder-Train-Mesh-Back-Bra-Medium-Support-BC-Cup/_/prod20001311?color=31382,shop.lululemon.com,2026-03-18
lululemon,"lululemon Energy Bra *Medium Support, B–D Cups",Sports Bras,58,https://shop.lululemon.com/p/women-sports-bras/Energy-Bra-32925/_/prod9360058?color=74056,shop.lululemon.com,2026-03-18
lululemon,"lululemon Focuser V-Neck Bra *Light Support, A/B Cup",Sports Bras,58,https://shop.lululemon.com/p/lululemon-focuser-v-neck-bra-light-support-ab-cup/fi2pexiakk?color=0001,shop.lululemon.com,2026-03-18
lululemon,"lululemon Focuser V-Neck Bra *Light Support, C/D Cup",Sports Bras,58,https://shop.lululemon.com/p/lululemon-focuser-v-neck-bra-light-support-cd-cup/g8d9hqkuhp?color=74028,shop.lululemon.com,2026-03-18
lululemon,"Like a Cloud Double-Strap Bra *Light Support, B/C Cup",Sports Bras,58,https://shop.lululemon.com/p/like-a-cloud-double-strap-bra-light-support-bc-cup/id0bhlhdjs?color=74051,shop.lululemon.com,2026-03-18
lululemon,"FlexyFlex Squareneck Yoga Bra *Light Support, A-C Cups",Sports Bras,58,https://shop.lululemon.com/p/flexyflex-squareneck-yoga-bra-light-support-ac/vfr8rcseec?color=72761,shop.lululemon.com,2026-03-18
lululemon,"lululemon Energy Bra Medium Support, B-D Cups *Evolve",Sports Bras,58,https://shop.lululemon.com/p/women-sports-bras/Energy-Bra-Medium-Support-B-D-Cups-Evolve/_/prod11870721?color=74078,shop.lululemon.com,2026-03-18
lululemon,"Bend This Boat and Scoop Bra *Light Support, A-C Cups",Sports Bras,48,https://shop.lululemon.com/p/bend-this-boat-and-scoop-bra-light-support-ac-cup/de5k59gvf6?color=31382,shop.lululemon.com,2026-03-18
lululemon,"Flow Y Bra Nulu *Light Support, A–C Cups",Sports Bras,48,https://shop.lululemon.com/p/women-sports-bras/Flow-Y-Bra-Nulu/_/prod8910081?color=74115,shop.lululemon.com,2026-03-18
lululemon,"Flow Y Bra Light Support, C/D Cup *Evolve",Sports Bras,48,https://shop.lululemon.com/p/women-bras-and-underwear/Flow-Y-Bra-Light-Support-CD-Cup-Evolve/_/prod20005495?color=0002,shop.lululemon.com,2026-03-18
lululemon,"Bend This Scoop and Square Bra *Light Support, A-C Cups",Sports Bras,48,https://shop.lululemon.com/p/women-sports-bras/Bend-This-Scoop-Square-Bra-A-C-Cups/_/prod11720010?color=72761,shop.lululemon.com,2026-03-18
lululemon,"Ebb to Street Scoop-Neck Cropped Tank Top *Light Support, B/C Cup",Tops,68,https://shop.lululemon.com/p/women-tanks/Ebb-To-Street-Scoop-Neck-Crop-Tank-B-C/_/prod11710404?color=73745,shop.lululemon.com,2026-03-18
lululemon,"Ebb to Street Tank Top *Light Support, B/C Cup",Tops,68,https://shop.lululemon.com/p/women-tanks/Ebb-To-Street-Tank/_/prod2380186?color=74060,shop.lululemon.com,2026-03-18
lululemon,"lululemon Align™ Tank Top *Light Support, A/B Cup",Tops,68,https://shop.lululemon.com/p/women-tanks/Align-Tank/_/prod9600539?color=74027,shop.lululemon.com,2026-03-18
lululemon,"Wunder Train Racerback Tank Top *Medium Support, B/C Cup",Tops,68,https://shop.lululemon.com/p/women-tanks/Wunder-Train-Racerback-Tank-Top-Medium-Support-BC/_/prod11870741?color=74027,shop.lululemon.com,2026-03-18
lululemon,"Wunder Train Piped Strappy Tank Top *Light Support, B/C Cup",Tops,68,https://shop.lululemon.com/p/wunder-train-piped-strappy-tank-light-support-bc/kspikhf870?color=76023,shop.lululemon.com,2026-03-18
lululemon,lululemon Align™ High-Neck Tank Top *Light Support,Tops,68,https://shop.lululemon.com/p/women-tanks/lululemon-Align-High-Neck-Tank-Top/_/prod10760085?color=0001,shop.lululemon.com,2026-03-18
lululemon,"Ebb to Street Cropped Racerback Tank Top *Light Support, B/C Cup",Tops,68,https://shop.lululemon.com/p/women-tanks/Ebb-To-Street-RB-Crop-Tank/_/prod10020121?color=72757,shop.lululemon.com,2026-03-18
lululemon,"lululemon Align™ Twist-Strap Cropped Tank Top *Light Support, B/C Cup",Tops,68,https://shop.lululemon.com/p/women-tanks/lululemon-Align-Twist-Strap-Cropped-Tank-Top-LS-BC/_/prod20004923?color=72761,shop.lululemon.com,2026-03-18
lululemon,Swift Speed Cropped Tank Top *B/C Cup,Tops,68,https://shop.lululemon.com/p/women-tanks/Swift-Speed-Cropped-Tank/_/prod11700020?color=0001,shop.lululemon.com,2026-03-18
lululemon,Swiftly Relaxed Tank Top Hip Length *Updated Fit,Tops,58,https://shop.lululemon.com/p/women-tanks/Swiftly-Relaxed-Tank-Top-Hip-Length-Updated-Fit/_/prod20005555?color=55300,shop.lululemon.com,2026-03-18
lululemon,lululemon Align™ Waist-Length Racerback Tank Top,Tops,58,https://shop.lululemon.com/p/women-tanks/Align-WaistLength-Racerback-Tank/_/prod10930183?color=72756,shop.lululemon.com,2026-03-18
lululemon,lululemon Glow Up™ High-Neck Tank Top,Tops,58,https://shop.lululemon.com/p/lululemon-glow-up-high-neck-tank-top/vfsendfvyo?color=74060,shop.lululemon.com,2026-03-18
lululemon,Sculpt Tank Top,Tops,58,https://shop.lululemon.com/p/women-tanks/Sculpt-Tank-Top/_/prod5020018?color=74027,shop.lululemon.com,2026-03-18
lululemon,Swiftly Tech Racerback Tank Top 2.0 *Hip Length,Tops,58,https://shop.lululemon.com/p/women-tanks/Swiftly-Tech-Racerback-2/_/prod9750459?color=74066,shop.lululemon.com,2026-03-18
lululemon,Swiftly Tech Racerback Tank Top 2.0 *Waist Length,Tops,58,https://shop.lululemon.com/p/women-tanks/Swiftly-Tech-RB-2-Race/_/prod9750460?color=74066,shop.lululemon.com,2026-03-18
lululemon,Lightweight Waist-Length Running Tank Top,Tops,58,https://shop.lululemon.com/p/lightweight-waist-length-running-tank-top/bzqd64jv9x?color=0001,shop.lululemon.com,2026-03-18
lululemon,lululemon Align™ Scoop Waist-Length Tank Top,Tops,58,https://shop.lululemon.com/p/women-tanks/lululemon-Align-Scoop-Waist-Length-Tank-Top/_/prod20005827?color=74028,shop.lululemon.com,2026-03-18
lululemon,Swiftly Open-Hole V-Neck Tank Top,Tops,58,https://shop.lululemon.com/p/women-tanks/Swiftly-Open-Hole-V-Neck-Tank-Top/_/prod20007683?color=72760,shop.lululemon.com,2026-03-18
lululemon,BeCalm V-Neck Tank Top *Updated Fabric,Tops,58,https://shop.lululemon.com/p/becalm-v-neck-tank-top-updated-fabric/f12nh0rwxu?color=0001,shop.lululemon.com,2026-03-18
lululemon,BeCalm V-Neck Tank Top,Tops,58,https://shop.lululemon.com/p/women-tanks/BeCalm-V-Neck-Tank-Top/_/prod20001347?color=32493,shop.lululemon.com,2026-03-18
lululemon,Jersey Training Tank Top,Tops,48,https://shop.lululemon.com/p/women-tanks/Jersey-Training-Tank-Top/_/prod11750258?color=72756,shop.lululemon.com,2026-03-18
lululemon,Wundermost Ultra-Soft Nulu Spaghetti-Strap Adjustable Cami,Tops,48,https://shop.lululemon.com/p/women-tanks/Wundermost-USoft-Nulu-Spag-Strap-Cami-Tank-Adjust/_/prod11870949?color=74028,shop.lululemon.com,2026-03-18
lululemon,Hold Tight Crewneck Tank Top *Waist Length,Tops,48,https://shop.lululemon.com/p/women-tanks/Hold-Tight-Crewneck-Tank-Top-Waist-Length/_/prod10520428?color=31382,shop.lululemon.com,2026-03-18
lululemon,Love Tank Top,Tops,38,https://shop.lululemon.com/p/women-tanks/Love-Tank/_/prod8470263?color=73489,shop.lululemon.com,2026-03-18
